"시간","일정","이동","행 배경"
"08:30~
09:30","**선택: 아침**
**바게트** (메르시 제롬 / 스타벅스, Merci Jérôme / Starbucks)","🚶 숙소 근처","gray_bg"
"09:30~
10:30","체크아웃, 호텔에 짐 보관","",""
"11:00~
12:00","**몽마르트**
(사크레쾨르 대성당 → 테르트르 광장 → 사랑해벽)","🚗 10:30 숙소 → 사크레쾨르 대성당
🚶 구역 내
사크레쾨르 대성당은 줄이 짧을 경우 내부 잠깐 구경",""
"12:30~
13:00","**생트샤펠 외관**","🚗 12:00 사랑해벽 → 생트샤펠",""
"13:00~
13:30","**노트르담 대성당 외관**","🚶 생트샤펠 → 노트르담",""
"14:00~
15:00","**점심**","🚗 13:30 노트르담 → 숙소 근처","gray_bg"
"15:00~
16:30","짐 찾기, 출국 준비","호텔",""
"21:00","**파리 출국**","🚗 16:30 숙소 → 샤를 드골 공항 (CDG)
17:30~18:00 공항 도착, 출국수속
✈️ 21:00 출발",""
